currency,sample,horizon,n,total_principal_usd,median_gross_pct,median_net_pct,mean_net_pct,positive_net_pct,weighted_net_pct
ARS,Fixed holding-period scenario,3m,130742,13318097854.94336,7.90689095336723,-1.0689579905856035,-19.891496863142205,43.81453549739181,0.7505379332574305
ARS,Fixed holding-period scenario,6m,130742,13318097854.94336,15.282864526841156,-0.008543134437757782,-17.406202263595873,49.97934864083462,3.233321491857731
ARS,Fixed holding-period scenario,12m,130742,13318097854.94336,24.60808493154706,2.6745072874244773,-11.847814919095219,61.57088005384651,12.639768505552173
ARS,Fixed holding-period scenario,24m,130742,13318097854.94336,50.72058814010013,25.576527176538878,8.902100695357904,85.55475669639443,46.68606869028369
ARS,Clean observed duration,observed,7105,508922090.95780504,0.0,-3.0007904710775986,-31.636093285547148,13.033075299085151,-0.7923475071016443
TRY,Fixed holding-period scenario,3m,130742,13318097854.94336,9.060779871903646,-1.1138733141343375,-19.692734072343235,44.499089810466415,7.202942788565422
TRY,Fixed holding-period scenario,6m,130742,13318097854.94336,13.682443237341479,0.46662490013544644,-16.838384410325126,53.879396062474186,12.913055192923098
TRY,Fixed holding-period scenario,12m,130742,13318097854.94336,25.296684861802262,6.592830458803806,-6.579782472621761,57.04211347539429,27.94889116900077
TRY,Fixed holding-period scenario,24m,130742,13318097854.94336,57.78477479288091,37.19205021038759,17.194442125436847,90.563093726576,41.698551430743
TRY,Clean observed duration,observed,7105,508922090.95780504,0.0,-4.142852430909647,-31.588985327091812,14.553131597466573,0.09680339407246852
