duration_band,n,median_days,median_net_pct,positive_net_pct,principal_usd,total_net_usd,currency,weighted_net_pct
"(0,1]",1891,0.0798726851851851,-9.10004635804083,0.31729243786356426,202234146.97132945,-2239899.014888356,ARS,-1.1075770577982087
"(1,7]",1676,2.9303009259259265,-2.536016521421988,4.892601431980907,172588960.38014776,-1633315.6461904016,ARS,-0.9463615996022163
"(7,30]",1499,13.985138888888889,-2.827961907441697,13.342228152101402,75505499.05313496,-742775.3352954272,ARS,-0.9837367405157063
"(30,90]",1026,50.895943287037035,-1.8877916295955244,24.269005847953213,35877972.008953385,-46587.78518369735,ARS,-0.12985066483710764
>90,1013,185.05891203703703,-2.6784220692468605,38.400789733464954,22715512.54423949,630146.2807641518,ARS,2.774079077180906
"(0,1]",1891,0.0798726851851851,-9.100106623525967,0.21152829190904282,202234146.97132945,-2151343.525905287,TRY,-1.0637884640768807
"(1,7]",1676,2.9303009259259265,-2.83375427985102,3.579952267303103,172588960.38014776,-1025957.4968120718,TRY,-0.5944514032370773
"(7,30]",1499,13.985138888888889,-3.6628672327898597,16.67778519012675,75505499.05313496,-377659.7803223332,TRY,-0.500175199234913
"(30,90]",1026,50.895943287037035,-2.8822347089900244,36.54970760233918,35877972.008953385,1639413.4060001988,TRY,4.569414920082666
>90,1013,185.05891203703703,-6.0458071796972535,34.05725567620928,22715512.54423949,2408201.2542712237,TRY,10.601571281216492
