start_month,events,principal_usd,net_usd,currency,share_principal_pct,share_signed_net_benefit_pct,weighted_net_pct
2020-01,5799,55850774.497937456,8208973.044634398,ARS,0.41935999499513354,0.48764919095735454,14.698046926703858
2020-02,10535,49367865.51810324,7404642.80582624,ARS,0.37068255584095344,0.43986842860320036,14.998912203548585
2020-03,7761,81934219.9234132,12503237.274833417,ARS,0.6152096253970771,0.7427474189850873,15.26009192071473
2020-04,6501,50297252.72540711,6764726.375898216,ARS,0.37766093381524424,0.4018545713718519,13.449494772268324
2020-05,5053,59596535.338817574,7319706.4614007175,ARS,0.4474853390320808,0.43482283527297805,12.282100662038157
2020-06,4223,73017489.27843292,8115942.269256342,ARS,0.5482576421476778,0.48212275274144434,11.115066197782204
2020-07,6329,218612328.13475996,21294356.93533127,ARS,1.641468102395841,1.2649786855200842,9.74069354506152
2020-08,7020,198139328.38113353,16478401.02670264,ARS,1.4877449508120932,0.9788896717348481,8.316572566050791
2020-09,4912,356583526.2128188,25154004.487775203,ARS,2.677435847796114,1.494258766730735,7.0541689782838155
2020-10,3287,215492246.34229496,10893387.427780783,ARS,1.618040719398299,0.6471152404885138,5.055118043772846
2020-11,6422,319110479.5445376,10324959.258490045,ARS,2.3960664880239744,0.6133481011198226,3.2355437756938383
2020-12,5465,321059523.3810929,4789814.937512123,ARS,2.41070103912717,0.2845361248493739,1.4918775456558202
2021-01,11135,954987864.7961149,-2461639.9887147034,ARS,7.1706025529887985,-0.14623226832369982,-0.2577666250492357
2021-02,6852,919032009.2634026,-10650271.651441919,ARS,6.9006251438697745,-0.6326730915137273,-1.1588575309774067
2021-03,4918,622119021.6066866,-6521432.272114609,ARS,4.67123029416525,-0.3874018289606293,-1.0482611920902751
2021-04,6022,1023158943.8299413,6260458.058698092,ARS,7.682470537263466,0.3718988100883137,0.6118754174462496
2021-05,7308,1629382682.379593,49803169.309792824,ARS,12.234349830781616,2.9585278315546306,3.0565667506088245
2021-06,2578,451260206.1373688,26072725.27758498,ARS,3.3883232504548073,1.5488348321448215,5.777758579857614
2021-07,1871,262372235.03388342,23635523.328024793,ARS,1.9700428536534378,1.4040542910904752,9.00839348529864
2021-08,2393,420393793.4900698,53324405.2694527,ARS,3.15656032917666,3.167704772148977,12.684394036067586
2021-09,1997,1157808676.7177832,193489080.57639456,ARS,8.693498796361766,11.494104449987685,16.71166268376115
2021-10,2338,1086189426.5371633,225479401.6630714,ARS,8.155739944004058,13.394470562967014,20.758754979038343
2021-11,1657,781509026.5463817,193331452.09087682,ARS,5.868022859257669,11.484740622988056,24.738223811085156
2021-12,1145,231921530.4394837,65208471.45411803,ARS,1.741401309447505,3.8736706985474854,28.116609669895727
2022-01,897,191803272.5828862,58512032.22444185,ARS,1.4401701704849197,3.475872684728801,30.506274182134387
2022-02,908,183949233.10831732,59802290.641191065,ARS,1.381197488649175,3.552519723235637,32.51021471015151
2022-03,893,193281166.23679897,67662641.21974698,ARS,1.4512670528626401,4.01945920268482,35.00736390262148
2022-04,476,227740524.9865079,82132336.92447716,ARS,1.7100078965253738,4.8790229222200985,36.06399736249969
2022-05,512,345091160.2072155,130087673.75673032,ARS,2.591144501007897,7.727781357798222,37.696611434096745
2022-06,432,264982707.6572221,105044513.80251005,ARS,1.9896437955579884,6.240107245057239,39.642025976424904
2022-07,471,19404410.425896,7934270.685877403,ARS,0.14569956338542406,0.4713306597265224,40.889006734720404
2022-08,405,27278398.270793684,13308224.047636792,ARS,0.20482202915087155,0.7905671823531155,48.78667697247307
2022-09,279,57106679.61056173,28474571.201897036,ARS,0.4287900587047053,1.6915150694201233,49.862067618147314
2022-10,192,11611178.066633942,5431331.262224136,ARS,0.08718345662495752,0.3226450228845826,46.77674591720966
2022-11,284,46423703.30510225,20418581.012393977,ARS,0.34857607903722443,1.2129537345355703,43.98309389106804
2022-12,142,7031283.299345056,4674174.768475529,ARS,0.05279495147075535,0.27766658896878943,66.47683743465315
2023-01,286,24197003.421200093,17502856.76153542,ARS,0.1816851301495637,1.0397468590524948,72.33481128576597
2023-02,209,113958597.62284206,81480425.55063601,ARS,0.8556672196288403,4.840296512436438,71.50002478997155
2023-03,273,26512097.2698359,18596088.541513793,ARS,0.19906819696474332,1.1046896466748488,70.14189919509487
2023-04,214,17508523.063719984,12115065.40421465,ARS,0.1314641419098842,0.7196882984799505,69.19524485374038
2023-05,98,9913008.881768452,6725581.893708653,ARS,0.07443261785382498,0.3995292165477594,67.84601904350184
2023-06,140,5669395.9677811,3744855.7634027987,ARS,0.04256911181709598,0.22246094284217413,66.05387566302707
2023-07,110,5438524.902308282,3505727.3239525473,ARS,0.04083559800763615,0.2082556592581295,64.46099607753207
2020-01,5799,55850774.497937456,1321030.190414875,TRY,0.41935999499513354,0.03548999668925402,2.3652853560046156
2020-02,10535,49367865.51810324,-2320223.098704439,TRY,0.37068255584095344,-0.0623337079567353,-4.69986513363356
2020-03,7761,81934219.9234132,-422059.3641875229,TRY,0.6152096253970771,-0.01133879115433362,-0.5151197687389184
2020-04,6501,50297252.72540711,-1166260.6640439804,TRY,0.37766093381524424,-0.031332052367954714,-2.318736314309383
2020-05,5053,59596535.338817574,-584181.5538822145,TRY,0.4474853390320808,-0.015694267673543403,-0.980227374898611
2020-06,4223,73017489.27843292,2710953.7684956174,TRY,0.5482576421476778,0.07283084138933606,3.712745802800903
2020-07,6329,218612328.13475996,6317536.6561946375,TRY,1.641468102395841,0.1697231120374128,2.8898354955994505
2020-08,7020,198139328.38113353,-8110040.450683538,TRY,1.4877449508120932,-0.2178794329099187,-4.0930997984828945
2020-09,4912,356583526.2128188,-24838186.336204976,TRY,2.677435847796114,-0.6672876647596888,-6.965601187470694
2020-10,3287,215492246.34229496,-9739340.926977692,TRY,1.618040719398299,-0.26165123231998344,-4.5195783571291015
2020-11,6422,319110479.5445376,29379197.114553973,TRY,2.3960664880239744,0.7892837089521834,9.206591133104288
2020-12,5465,321059523.3810929,98463460.68929224,TRY,2.41070103912717,2.645259676297044,30.66828843834592
2021-01,11135,954987864.7961149,318709580.90009123,TRY,7.1706025529887985,8.562258495716518,33.37315505764402
2021-02,6852,919032009.2634026,337769729.879785,TRY,6.9006251438697745,9.074316909743816,36.752771010718654
2021-03,4918,622119021.6066866,223611248.48772952,TRY,4.67123029416525,6.00740431679094,35.94348359743613
2021-04,6022,1023158943.8299413,331044989.744473,TRY,7.682470537263466,8.893654115759247,32.35518701574247
2021-05,7308,1629382682.379593,566191624.4772702,TRY,12.234349830781616,15.210961130169952,34.748842650665054
2021-06,2578,451260206.1373688,172256688.33677042,TRY,3.3883232504548073,4.6277438192793365,38.17236396961036
2021-07,1871,262372235.03388342,104776571.40472022,TRY,1.9700428536534378,2.8148638836914777,39.93432132450642
2021-08,2393,420393793.4900698,179138315.5260224,TRY,3.15656032917666,4.812621445797874,42.6120266997362
2021-09,1997,1157808676.7177832,498206433.5851671,TRY,8.693498796361766,13.38451218359342,43.0301174627149
2021-10,2338,1086189426.5371633,430717435.28306985,TRY,8.155739944004058,11.571393646499061,39.65398895993885
2021-11,1657,781509026.5463817,234842809.0496389,TRY,5.868022859257669,6.3091446176936286,30.049916388995314
2021-12,1145,231921530.4394837,27178114.480557747,TRY,1.741401309447505,0.730150756533611,11.7186681327327
2022-01,897,191803272.5828862,23841662.501503993,TRY,1.4401701704849197,0.6405156592060582,12.430268879380572
2022-02,908,183949233.10831732,22010113.391322464,TRY,1.381197488649175,0.5913103705395407,11.965319463094445
2022-03,893,193281166.23679897,12758521.243120704,TRY,1.4512670528626401,0.3427627013852932,6.6010162767176
2022-04,476,227740524.9865079,17470122.010615394,TRY,1.7100078965253738,0.4693417128664455,7.671064256855639
2022-05,512,345091160.2072155,13988858.656546189,TRY,2.591144501007897,0.37581620087830836,4.053670528142869
2022-06,432,264982707.6572221,34142918.20390667,TRY,1.9896437955579884,0.9172629534208971,12.884960873776514
2022-07,471,19404410.425896,3848156.0374409594,TRY,0.14569956338542406,0.10338222852092563,19.831347374024997
2022-08,405,27278398.270793684,5072269.23782776,TRY,0.20482202915087155,0.13626851207766705,18.594454071222046
2022-09,279,57106679.61056173,10015888.58753675,TRY,0.4287900587047053,0.26908079420954145,17.538909031027497
2022-10,192,11611178.066633942,2188109.56541487,TRY,0.08718345662495752,0.058784425818391474,18.844854095405317
2022-11,284,46423703.30510225,9732969.565302672,TRY,0.34857607903722443,0.26148006317760264,20.96551733784874
2022-12,142,7031283.299345056,1539350.9134368913,TRY,0.05279495147075535,0.04135526895438941,21.89288708620626
2023-01,286,24197003.421200093,5786092.507846065,TRY,0.1816851301495637,0.15544565554757214,23.91243414371139
2023-02,209,113958597.62284206,29047128.141050488,TRY,0.8556672196288403,0.7803625451091818,25.48919409940881
2023-03,273,26512097.2698359,7350478.581519608,TRY,0.19906819696474332,0.19747350394818505,27.724998542015026
2023-04,214,17508523.063719984,4734316.449833051,TRY,0.1314641419098842,0.1271892772395218,27.040067472299775
2023-05,98,9913008.881768452,2516248.20757362,TRY,0.07443261785382498,0.06759999976085601,25.38329419033799
2023-06,140,5669395.9677811,647098.4888310119,TRY,0.04256911181709598,0.01738455592678126,11.413887696474914
2023-07,110,5438524.902308282,114945.78895435038,TRY,0.04083559800763615,0.0030880639208952718,2.113547166173014
