currency,sample,minimum_usd,n,retained_events_pct,median_net_pct,mean_net_pct,positive_net_pct,weighted_net_pct
ARS,Fixed 12m,1,130742,100.0,2.6745072874244773,-11.847814919095219,61.57088005384651,12.639768505552173
ARS,Fixed 12m,100,120482,92.15248351715593,3.0478526099675163,5.81525536556541,66.80499991700005,12.642807708842486
ARS,Fixed 12m,1000,95125,72.75779780024781,4.860395186821275,8.520028873741019,73.56320630749015,12.65168353375084
ARS,Fixed 12m,5000,65025,49.73535665662144,3.2153072156320457,9.27327018422898,73.80545943867743,12.680628468837945
ARS,Fixed 12m,10000,50710,38.786311973199126,3.136052459292736,9.481025228544391,74.21810293827647,12.710034821834824
ARS,Clean observed duration,1,7105,100.0,-3.0007904710775986,-31.636093285547148,13.033075299085151,-0.7923475071016443
ARS,Clean observed duration,100,5795,81.56228008444758,-1.9364459216379708,-6.295756660374581,15.979292493528904,-0.7822340362561433
ARS,Clean observed duration,1000,3970,55.87614356087263,-1.3655290268321898,-0.8169486958826859,21.889168765743072,-0.7701421502253106
ARS,Clean observed duration,5000,2642,37.18508092892329,-1.2782498177511894,-0.43436560536622937,22.975018925056776,-0.7674960524452025
ARS,Clean observed duration,10000,2073,29.176636171710065,-1.2404056406068649,-0.36240811456585287,22.575976845151953,-0.7682949131777393
TRY,Fixed 12m,1,130742,100.0,6.592830458803806,-6.579782472621761,57.04211347539429,27.94889116900077
TRY,Fixed 12m,100,120482,92.15248351715593,10.938416191446017,12.739093565550125,61.89970286017829,27.95281984421673
TRY,Fixed 12m,1000,95125,72.75779780024781,30.14131170166279,19.663888058476086,75.30722733245729,27.97826613789777
TRY,Fixed 12m,5000,65025,49.73535665662144,32.37145706268411,23.664753788988385,83.28489042675893,28.056862534365493
TRY,Fixed 12m,10000,50710,38.786311973199126,33.08646106041314,24.684931213156283,85.01873397751922,28.11129761585149
TRY,Clean observed duration,1,7105,100.0,-4.142852430909647,-31.588985327091812,14.553131597466573,0.09680339407246852
TRY,Clean observed duration,100,5795,81.56228008444758,-2.2690450584233868,-6.171469893327791,17.842968075927523,0.10702352706405405
TRY,Clean observed duration,1000,3970,55.87614356087263,-1.456390627561751,-0.09977824554853351,24.55919395465995,0.121557471069131
TRY,Clean observed duration,5000,2642,37.18508092892329,-1.3145176776375966,0.8550137025228804,24.75397426192279,0.1309614464435599
TRY,Clean observed duration,10000,2073,29.176636171710065,-1.2706790620447126,0.9377031325266584,24.071394114809454,0.12857116146208783
