currency,sample,horizon,n,total_principal_usd,median_gross_pct,median_net_pct,mean_net_pct,positive_net_pct,weighted_net_pct,annual_effective_rate_pct
ARS,Fixed holding-period scenario,3m,130742,13318097854.94336,7.90689095336723,2.1184200214316995,-16.70419475019947,73.47983050588182,3.9815207629657823,5.0
ARS,Fixed holding-period scenario,3m,130742,13318097854.94336,7.90689095336723,1.005346126117199,-17.802538836185686,59.68242798794573,2.868124305026388,10.0
ARS,Fixed holding-period scenario,3m,130742,13318097854.94336,7.90689095336723,-1.0689579905856035,-19.891496863142205,43.81453549739181,0.7505379332574305,20.0
ARS,Fixed holding-period scenario,3m,130742,13318097854.94336,7.90689095336723,-4.957215670848078,-23.70574855283732,8.385216686298206,-3.1159865695650666,40.0
ARS,Fixed holding-period scenario,3m,130742,13318097854.94336,7.90689095336723,-11.659880605755088,-30.248151479284093,2.1217359379541385,-9.748050544469166,80.0
ARS,Fixed holding-period scenario,3m,130742,13318097854.94336,7.90689095336723,-17.16993962086247,-35.77547346323208,0.26540820853283564,-15.351122293421481,120.0
ARS,Fixed holding-period scenario,6m,130742,13318097854.94336,15.282864526841156,6.196493360475626,-11.296757246293394,82.18476082666626,9.428856003797382,5.0
ARS,Fixed holding-period scenario,6m,130742,13318097854.94336,15.282864526841156,4.0730416646010275,-13.379042498627456,78.30230530357498,7.317228825223507,10.0
ARS,Fixed holding-period scenario,6m,130742,13318097854.94336,15.282864526841156,-0.008543134437757782,-17.406202263595873,49.97934864083462,3.233321491857731,20.0
ARS,Fixed holding-period scenario,6m,130742,13318097854.94336,15.282864526841156,-7.725747411076095,-24.985436748184238,11.522693549127288,-4.452713604679324,40.0
ARS,Fixed holding-period scenario,6m,130742,13318097854.94336,15.282864526841156,-21.732781966438097,-38.665822076857644,2.936317327255205,-18.325872164972257,80.0
ARS,Fixed holding-period scenario,6m,130742,13318097854.94336,15.282864526841156,-34.251618272393266,-50.89324668551183,0.7763381315874012,-30.725596025406574,120.0
ARS,Fixed holding-period scenario,12m,130742,13318097854.94336,24.60808493154706,14.501537224472909,-0.7183058003355294,87.54493582781355,23.45488900868301,5.0
ARS,Fixed holding-period scenario,12m,130742,13318097854.94336,24.60808493154706,10.629511429533462,-4.428142173255431,86.20718667298955,19.84984884097273,10.0
ARS,Fixed holding-period scenario,12m,130742,13318097854.94336,24.60808493154706,2.6745072874244773,-11.847814919095219,61.57088005384651,12.639768505552173,20.0
ARS,Fixed holding-period scenario,12m,130742,13318097854.94336,24.60808493154706,-13.123542037809372,-26.687160410774815,14.81543803827385,-1.7803921652889403,40.0
ARS,Fixed holding-period scenario,12m,130742,13318097854.94336,24.60808493154706,-45.02593618661786,-56.36585139413402,4.043842070642946,-30.620713506971185,80.0
ARS,Fixed holding-period scenario,12m,130742,13318097854.94336,24.60808493154706,-76.98725533919963,-86.04454237749322,1.7530709335944072,-59.46103484865344,120.0
ARS,Fixed holding-period scenario,24m,130742,13318097854.94336,50.72058814010013,42.46683531387893,24.906668820894883,90.56156399626745,58.984818027857564,5.0
ARS,Fixed holding-period scenario,24m,130742,13318097854.94336,50.72058814010013,37.07039976485403,19.808917492020132,89.55423658808952,55.06743860922292,10.0
ARS,Fixed holding-period scenario,24m,130742,13318097854.94336,50.72058814010013,25.576527176538878,8.902100695357904,85.55475669639443,46.68606869028369,20.0
ARS,Fixed holding-period scenario,24m,130742,13318097854.94336,50.72058814010013,-0.11261561072987014,-15.756789453617579,49.933456731578225,27.736884525725447,40.0
ARS,Fixed holding-period scenario,24m,130742,13318097854.94336,50.72058814010013,-62.762472127535624,-76.45559597417268,12.554496642241972,-18.90726111011029,80.0
ARS,Fixed holding-period scenario,24m,130742,13318097854.94336,50.72058814010013,-141.36122379545444,-152.32910412486655,6.1326888069633325,-77.21244315490496,120.0
TRY,Fixed holding-period scenario,3m,130742,13318097854.94336,9.060779871903646,2.139350830819088,-16.511957697581227,54.365085435437734,10.22208161793288,5.0
TRY,Fixed holding-period scenario,3m,130742,13318097854.94336,9.060779871903646,1.010630026688582,-17.608053014645172,52.30912790075109,9.181686587746833,10.0
TRY,Fixed holding-period scenario,3m,130742,13318097854.94336,9.060779871903646,-1.1138733141343375,-19.692734072343235,44.499089810466415,7.202942788565422,20.0
TRY,Fixed holding-period scenario,3m,130742,13318097854.94336,9.060779871903646,-5.010184656056498,-23.499176396311373,28.667145982163344,3.589932482897591,40.0
TRY,Fixed holding-period scenario,3m,130742,13318097854.94336,9.060779871903646,-11.627531100744761,-30.0281842923977,11.116550152208166,-2.6072907525132405,80.0
TRY,Fixed holding-period scenario,3m,130742,13318097854.94336,9.060779871903646,-17.287950467037803,-35.544189540488944,6.702513346896942,-7.842989105797503,120.0
TRY,Fixed holding-period scenario,6m,130742,13318097854.94336,13.682443237341479,6.794343576278912,-10.765612280035237,68.19767175047039,18.483417779946347,5.0
TRY,Fixed holding-period scenario,6m,130742,13318097854.94336,13.682443237341479,4.63216564801611,-12.835398293638029,63.224518517385384,16.58486826648608,10.0
TRY,Fixed holding-period scenario,6m,130742,13318097854.94336,13.682443237341479,0.46662490013544644,-16.838384410325126,53.879396062474186,12.913055192923098,20.0
TRY,Fixed holding-period scenario,6m,130742,13318097854.94336,13.682443237341479,-7.412024165535859,-24.372123369688516,20.49762126937021,6.002593753028086,40.0
TRY,Fixed holding-period scenario,6m,130742,13318097854.94336,13.682443237341479,-21.377061873460637,-37.97039007317971,10.58955806091386,-6.470667958156127,80.0
TRY,Fixed holding-period scenario,6m,130742,13318097854.94336,13.682443237341479,-33.936365487270216,-50.12441767771024,8.460938336571262,-17.61917463638924,120.0
TRY,Fixed holding-period scenario,12m,130742,13318097854.94336,25.296684861802262,18.073096729369876,3.8912225903287485,82.61843936913922,36.85037133920053,5.0
TRY,Fixed holding-period scenario,12m,130742,13318097854.94336,25.296684861802262,14.237521734894303,0.4008875693452412,78.23652690030748,33.88321128246728,10.0
TRY,Fixed holding-period scenario,12m,130742,13318097854.94336,25.296684861802262,6.592830458803806,-6.579782472621761,57.04211347539429,27.94889116900077,20.0
TRY,Fixed holding-period scenario,12m,130742,13318097854.94336,25.296684861802262,-8.769592023946013,-20.541122556555774,43.6485597589145,16.08025094206776,40.0
TRY,Fixed holding-period scenario,12m,130742,13318097854.94336,25.296684861802262,-38.74628822742529,-48.46380272442383,27.447950926251703,-7.657029511798284,80.0
TRY,Fixed holding-period scenario,12m,130742,13318097854.94336,25.296684861802262,-68.85438814427324,-76.38648289229188,0.0,-31.394309965664327,120.0
TRY,Fixed holding-period scenario,24m,130742,13318097854.94336,57.78477479288091,51.4919811558559,31.255492728299075,92.93647030028606,55.166250126021716,5.0
TRY,Fixed holding-period scenario,24m,130742,13318097854.94336,57.78477479288091,46.954338446409665,26.77678772146147,92.55021339737804,50.87653868974775,10.0
TRY,Fixed holding-period scenario,24m,130742,13318097854.94336,57.78477479288091,37.19205021038759,17.194442125436847,90.563093726576,41.698551430743,20.0
TRY,Fixed holding-period scenario,24m,130742,13318097854.94336,57.78477479288091,15.341504998613019,-4.4699913960101325,81.06499824081016,20.948319366906173,40.0
TRY,Fixed holding-period scenario,24m,130742,13318097854.94336,57.78477479288091,-38.58711674063592,-57.79782775649505,0.0,-30.129174944076848,80.0
TRY,Fixed holding-period scenario,24m,130742,13318097854.94336,57.78477479288091,-106.3250207993741,-124.45762320710118,0.0,-93.97604283280565,120.0
