currency,initial_ratio_pct,terminal_price_decline_pct,terminal_below_150pct_share,median_terminal_ratio_pct,n
ARS,150.0,0.0,5.240856037080663,165.80027166905742,130742
ARS,150.0,10.0,50.41914610454177,149.22024450215167,130742
ARS,150.0,25.0,92.33375655871869,124.35020375179306,130742
ARS,150.0,40.0,97.29620167964387,99.48016300143445,130742
ARS,150.0,60.0,98.8741184929097,66.32010866762297,130742
ARS,175.0,0.0,0.0,193.433650280567,130742
ARS,175.0,10.0,0.0,174.09028525251028,130742
ARS,175.0,25.0,59.921065916078994,145.07523771042526,130742
ARS,175.0,40.0,94.4769087209925,116.0601901683402,130742
ARS,175.0,60.0,98.8741184929097,77.3734601122268,130742
ARS,200.0,0.0,0.0,221.06702889207654,130742
ARS,200.0,10.0,0.0,198.9603260028689,130742
ARS,200.0,25.0,5.240856037080663,165.80027166905742,130742
ARS,200.0,40.0,90.54550182802772,132.64021733524595,130742
ARS,200.0,60.0,98.2040966177663,88.42681155683063,130742
TRY,150.0,0.0,24.670725551085344,167.32858477398986,130742
TRY,150.0,10.0,48.50086429762433,150.59572629659087,130742
TRY,150.0,25.0,57.681540744366764,125.4964385804924,130742
TRY,150.0,40.0,93.42292453840389,100.39715086439391,130742
TRY,150.0,60.0,100.0,66.93143390959595,130742
TRY,175.0,0.0,0.0,195.2166822363215,130742
TRY,175.0,10.0,3.757017637790457,175.69501401268937,130742
TRY,175.0,25.0,53.41282831836747,146.41251167724113,130742
TRY,175.0,40.0,58.28884367685977,117.13000934179291,130742
TRY,175.0,60.0,100.0,78.0866728945286,130742
TRY,200.0,0.0,0.0,223.10477969865318,130742
TRY,200.0,10.0,0.0,200.79430172878781,130742
TRY,200.0,25.0,24.670725551085344,167.32858477398986,130742
TRY,200.0,40.0,56.77670526686145,133.8628678191919,130742
TRY,200.0,60.0,100.0,89.24191187946127,130742
